{"load": 0.023999999999999997, "run": 0.09999999999999999}